{
    "$schema": "https://raw.githubusercontent.com/martinring/tmlanguage/master/tmlanguage.json",
    "name": "BazzBasic",
    "scopeName": "source.bb",
    "patterns": [
        { "include": "#comments" },
        { "include": "#strings" },
        { "include": "#keywords_control" },
        { "include": "#keywords_functions" },
        { "include": "#keywords_math_string" },
        { "include": "#keywords_logic" },
        { "include": "#numbers" },
        { "include": "#operators" }
    ],
    "repository": {
        "comments": {
            "patterns": [
                {
                    "name": "comment.line.bazzbasic",
                    "match": "(?i)(REM|').*$"
                }
            ]
        },
        "strings": {
            "name": "string.quoted.double.bazzbasic",
            "begin": "\"",
            "end": "\"",
            "patterns": [
                { "name": "constant.character.escape.bazzbasic", "match": "\\\\." }
            ]
        },
        "keywords_control": {
            "name": "keyword.control.bazzbasic",
            "match": "(?i)\\b(DEF|DIM|END|ENDIF|ELSE|ELSEIF|FN|FOR|GOSUB|GOTO|IF|INCLUDE|LET|NEXT|RETURN|STEP|THEN|TO|WEND|WHILE)\\b"
        },
        "keywords_functions": {
            "name": "support.function.bazzbasic",
            "match": "(?i)\\b(CLS|COLOR|INPUT|LOCATE|PRINT|SLEEP|SCREEN|SCREENLOCK|B|BF|CIRCLE|DRAWSHAPE|HIDESHAPE|LINE|LOADIMAGE|LOADSHAPE|MOVESHAPE|PAINT|PSET|REMOVESHAPE|ROTATESHAPE|SCALESHAPE|SHOWSHAPE|LOADSOUND|SOUNDONCE|SOUNDONCEWAIT|SOUNDREPEAT|SOUNDSTOP|SOUNDSTOPALL|FILEAPPEND|FILEDELETE|FILEEXISTS|FILEREAD|FILEWRITE|DELARRAY|DELKEY|HASKEY)\\b"
        },
        "keywords_math_string": {
            "name": "support.function.builtin.bazzbasic",
            "match": "(?i)\\b(ABS|ATAN|CEIL|CINT|COS|EXP|FLOOR|INT|LOG|MAX|MIN|MOD|POW|RND|ROUND|SGN|SIN|SQR|TAN|ASC|CHR|INSTR|INVERT|LCASE|LEFT|LEN|LTRIM|MID|REPEAT|REPLACE|RIGHT|RTRIM|SPLIT|SRAND|STR|TRIM|UCASE|VAL)\\b"
        },
        "keywords_logic": {
            "name": "constant.language.bazzbasic",
            "match": "(?i)\\b(AND|FALSE|NOT|OFF|ON|OR|TRUE|BEEB|INKEY|MOUSEB|MOUSEX|MOUSEY|RGB)\\b"
        },
        "numbers": {
            "name": "constant.numeric.bazzbasic",
            "match": "\\b\\d+(\\.\\d+)?\\b"
        },
        "operators": {
            "name": "keyword.operator.bazzbasic",
            "match": "\\+|\\-|\\*|\\/|=|\\<|\\>|\\(|\\)|\\,|\\;|\\:"
        }
    }
}